0015,str_tbl.pac
4756,quest_str.pac
4757,lobby_str.pac
4758,arcade_str.pac
4759,m00001.mib
4760,m00002.mib
4761,m00003.mib
4762,m00004.mib
4763,m00005.mib
4764,m00006.mib
4765,m00007.mib
4766,m00008.mib
4767,m00009.mib
4768,m00010.mib
4769,m00101.mib
4770,m00102.mib
4771,m00103.mib
4772,m00104.mib
4773,m00105.mib
4774,m00106.mib
4775,m00107.mib
4776,m00108.mib
4777,m00109.mib
4778,m01001.mib
4779,m01002.mib
4780,m01003.mib
4781,m01004.mib
4782,m01005.mib
4783,m01006.mib
4784,m01007.mib
4785,m01008.mib
4786,m01009.mib
4787,m01010.mib
4788,m01011.mib
4789,m01012.mib
4790,m01013.mib
4791,m01014.mib
4792,m01015.mib
4793,m01016.mib
4794,m01017.mib
4795,m01018.mib
4796,m01019.mib
4797,m01020.mib
4798,m01021.mib
4799,m01022.mib
4800,m01101.mib
4801,m01102.mib
4802,m01103.mib
4803,m01104.mib
4804,m01105.mib
4805,m01106.mib
4806,m01107.mib
4807,m01108.mib
4808,m01109.mib
4809,m01110.mib
4810,m01111.mib
4811,m01112.mib
4812,m01113.mib
4813,m01114.mib
4814,m01115.mib
4815,m01116.mib
4816,m01117.mib
4817,m01118.mib
4818,m01119.mib
4819,m01120.mib
4820,m01121.mib
4821,m01122.mib
4822,m01123.mib
4823,m01124.mib
4824,m01125.mib
4825,m01126.mib
4826,m01201.mib
4827,m01202.mib
4828,m01203.mib
4829,m01204.mib
4830,m01205.mib
4831,m01206.mib
4832,m01207.mib
4833,m01208.mib
4834,m01209.mib
4835,m01210.mib
4836,m01211.mib
4837,m01212.mib
4838,m01213.mib
4839,m01214.mib
4840,m01215.mib
4841,m01216.mib
4842,m01217.mib
4843,m01218.mib
4844,m01219.mib
4845,m01220.mib
4846,m02001.mib
4847,m02002.mib
4848,m02003.mib
4849,m02004.mib
4850,m02005.mib
4851,m02006.mib
4852,m02007.mib
4853,m02008.mib
4854,m02009.mib
4855,m02010.mib
4856,m02011.mib
4857,m02012.mib
4858,m02013.mib
4859,m02101.mib
4860,m02102.mib
4861,m02103.mib
4862,m02104.mib
4863,m02105.mib
4864,m02106.mib
4865,m02107.mib
4866,m02108.mib
4867,m02109.mib
4868,m02110.mib
4869,m02111.mib
4870,m02112.mib
4871,m02113.mib
4872,m02114.mib
4873,m02115.mib
4874,m02116.mib
4875,m02117.mib
4876,m02118.mib
4877,m02119.mib
4878,m02120.mib
4879,m02121.mib
4880,m02122.mib
4881,m02123.mib
4882,m02124.mib
4883,m02125.mib
4884,m02126.mib
4885,m02127.mib
4886,m02201.mib
4887,m02202.mib
4888,m02203.mib
4889,m02204.mib
4890,m02205.mib
4891,m02206.mib
4892,m02207.mib
4893,m02208.mib
4894,m02209.mib
4895,m02210.mib
4896,m02211.mib
4897,m02212.mib
4898,m02213.mib
4899,m02214.mib
4900,m02215.mib
4901,m02216.mib
4902,m02217.mib
4903,m02218.mib
4904,m02219.mib
4905,m02220.mib
4906,m02221.mib
4907,m02222.mib
4908,m02223.mib
4909,m02224.mib
4910,m02225.mib
4911,m02226.mib
4912,m02227.mib
4913,m02228.mib
4914,m02229.mib
4915,m02230.mib
4916,m02231.mib
4917,m02232.mib
4918,m02233.mib
4919,m02234.mib
4920,m02235.mib
4921,m02236.mib
4922,m03001.mib
4923,m03002.mib
4924,m03003.mib
4925,m03004.mib
4926,m03005.mib
4927,m03006.mib
4928,m03007.mib
4929,m03008.mib
4930,m03009.mib
4931,m03010.mib
4932,m03011.mib
4933,m03012.mib
4934,m03013.mib
4935,m03014.mib
4936,m03015.mib
4937,m03016.mib
4938,m03017.mib
4939,m03018.mib
4940,m03019.mib
4941,m03020.mib
4942,m03021.mib
4943,m03022.mib
4944,m03023.mib
4945,m03024.mib
4946,m03025.mib
4947,m03101.mib
4948,m03102.mib
4949,m03103.mib
4950,m03104.mib
4951,m03105.mib
4952,m03106.mib
4953,m03107.mib
4954,m03108.mib
4955,m03109.mib
4956,m03110.mib
4957,m03111.mib
4958,m03112.mib
4959,m03113.mib
4960,m03114.mib
4961,m03115.mib
4962,m03116.mib
4963,m03117.mib
4964,m03118.mib
4965,m03119.mib
4966,m03120.mib
4967,m03121.mib
4968,m03122.mib
4969,m03123.mib
4970,m03124.mib
4971,m03125.mib
4972,m03126.mib
4973,m03127.mib
4974,m03201.mib
4975,m03202.mib
4976,m03203.mib
4977,m03204.mib
4978,m03205.mib
4979,m03206.mib
4980,m03207.mib
4981,m03208.mib
4982,m03209.mib
4983,m03210.mib
4984,m03211.mib
4985,m03212.mib
4986,m03213.mib
4987,m03214.mib
4988,m03215.mib
4989,m03216.mib
4990,m03217.mib
4991,m03218.mib
4992,m03219.mib
4993,m03220.mib
4994,m03221.mib
4995,m03222.mib
4996,m03223.mib
4997,m03224.mib
4998,m03225.mib
4999,m03226.mib
5000,m03227.mib
5001,m03228.mib
5002,m03229.mib
5003,m03230.mib
5004,m03231.mib
5005,m03232.mib
5006,m03233.mib
5007,m04001.mib
5008,m04002.mib
5009,m04003.mib
5010,m04004.mib
5011,m04005.mib
5012,m04006.mib
5013,m04007.mib
5014,m10001.mib
5015,m10002.mib
5016,m10003.mib
5017,m10004.mib
5018,m10005.mib
5019,m10101.mib
5020,m10102.mib
5021,m10103.mib
5022,m10104.mib
5023,m10105.mib
5024,m10106.mib
5025,m10107.mib
5026,m10108.mib
5027,m10109.mib
5028,m10110.mib
5029,m10111.mib
5030,m10112.mib
5031,m10113.mib
5032,m10114.mib
5033,m10115.mib
5034,m10116.mib
5035,m10117.mib
5036,m10118.mib
5037,m10201.mib
5038,m10202.mib
5039,m10203.mib
5040,m10204.mib
5041,m10205.mib
5042,m10206.mib
5043,m10207.mib
5044,m10208.mib
5045,m10209.mib
5046,m10210.mib
5047,m10211.mib
5048,m10212.mib
5049,m10213.mib
5050,m10214.mib
5051,m10215.mib
5052,m10216.mib
5053,m10217.mib
5054,m10218.mib
5055,m10301.mib
5056,m10302.mib
5057,m10303.mib
5058,m10304.mib
5059,m10305.mib
5060,m10306.mib
5061,m10307.mib
5062,m10308.mib
5063,m10309.mib
5064,m10310.mib
5065,m10311.mib
5066,m10312.mib
5067,m10313.mib
5068,m10314.mib
5069,m10315.mib
5070,m10316.mib
5071,m10317.mib
5072,m10318.mib
5073,m10319.mib
5074,m10401.mib
5075,m10402.mib
5076,m10403.mib
5077,m10404.mib
5078,m10405.mib
5079,m10406.mib
5080,m10407.mib
5081,m10408.mib
5082,m10409.mib
5083,m10410.mib
5084,m10411.mib
5085,m10412.mib
5086,m10413.mib
5087,m10414.mib
5088,m10415.mib
5089,m10416.mib
5090,m10417.mib
5091,m10418.mib
5092,m10501.mib
5093,m10502.mib
5094,m10503.mib
5095,m10504.mib
5096,m10505.mib
5097,m10506.mib
5098,m10507.mib
5099,m10508.mib
5100,m10509.mib
5101,m10510.mib
5102,m10511.mib
5103,m11001.mib
5104,m11002.mib
5105,m11003.mib
5106,m11004.mib
5107,m11005.mib
5108,m11006.mib
5109,m11007.mib
5110,m11008.mib
5111,m11009.mib
5112,m11010.mib
5113,m11011.mib
5114,m11012.mib
5115,m11013.mib
5116,m11014.mib
5117,m11101.mib
5118,m11102.mib
5119,m11103.mib
5120,m11104.mib
5121,m11105.mib
5122,m11106.mib
5123,m11107.mib
5124,m11108.mib
5125,m11109.mib
5126,m11110.mib
5127,m11111.mib
5128,m11112.mib
5129,m11113.mib
5130,m11114.mib
5131,m11115.mib
5132,m11116.mib
5133,m11117.mib
5134,m11118.mib
5135,m11119.mib
5136,m11201.mib
5137,m11202.mib
5138,m11203.mib
5139,m11204.mib
5140,m11205.mib
5141,m11206.mib
5142,m11207.mib
5143,m11208.mib
5144,m11209.mib
5145,m11210.mib
5146,m11211.mib
5147,m11212.mib
5148,m11213.mib
5149,m11214.mib
5150,m11215.mib
5151,m11216.mib
5152,m11217.mib
5153,m11218.mib
5154,m11219.mib
5155,m11220.mib
5156,m11221.mib
5157,m11222.mib
5158,m11223.mib
5159,m11224.mib
5160,m11225.mib
5161,m11226.mib
5162,m20001.mib
5163,m20002.mib
5164,m20003.mib
5165,m20004.mib
5166,m20005.mib
5167,m20006.mib
5168,m20007.mib
5169,m20008.mib
5170,m20009.mib
5171,m20010.mib
5172,m20011.mib
5173,m20012.mib
5174,m20013.mib
5175,m20014.mib
5176,m20015.mib
5177,m20016.mib
5178,m20017.mib
5179,m20018.mib
5180,m21001.mib
5181,m21002.mib
5182,m21003.mib
5183,m21004.mib
5184,m21005.mib
5185,m21006.mib
5186,m21007.mib
5187,m21008.mib
5188,m21009.mib
5189,m21010.mib
5190,m21011.mib
5191,m21012.mib
5192,m21013.mib
5193,m21014.mib
5194,m21015.mib
5195,m21016.mib
5196,m21017.mib
5197,m21018.mib
5198,m21019.mib
5199,m21020.mib
5200,m21021.mib
5201,m21022.mib
5202,m21023.mib
5203,m22001.mib
5204,m22002.mib
5205,m22003.mib
5206,m22004.mib
5207,m22005.mib
5208,m22006.mib
5310,level1_i.mib
5311,level2_i.mib
5312,level3_i.mib
5313,level4_i.mib
5314,level5_i.mib
5315,level6_i.mib
5316,level7_i.mib
5317,level8_i.mib
5318,level9_i.mib
5319,level10_i.mib
5320,level11_i.mib
5321,levelx_i.mib
5322,levela_i.mib
5369,meeting.bin
5370,village.bin
5371,farm.bin
5372,kitchen.bin
